USERNAME,PASSWORD
test,$2a$10$y9N8hrEdpGHfWfmqoeFA3eoJ/9AQrOdhYIOWnF2pVuQ495e14lOhm
test1,$2a$10$y9N8hrEdpGHfWfmqoeFA3eoJ/9AQrOdhYIOWnF2pVuQ495e14lOhm
test2,$2a$10$y9N8hrEdpGHfWfmqoeFA3eoJ/9AQrOdhYIOWnF2pVuQ495e14lOhm
test3,$2a$10$y9N8hrEdpGHfWfmqoeFA3eoJ/9AQrOdhYIOWnF2pVuQ495e14lOhm
test4,$2a$10$y9N8hrEdpGHfWfmqoeFA3eoJ/9AQrOdhYIOWnF2pVuQ495e14lOhm
test5,$2a$10$y9N8hrEdpGHfWfmqoeFA3eoJ/9AQrOdhYIOWnF2pVuQ495e14lOhm
test6,$2a$10$y9N8hrEdpGHfWfmqoeFA3eoJ/9AQrOdhYIOWnF2pVuQ495e14lOhm
test7,$2a$10$y9N8hrEdpGHfWfmqoeFA3eoJ/9AQrOdhYIOWnF2pVuQ495e14lOhm
test8,$2a$10$y9N8hrEdpGHfWfmqoeFA3eoJ/9AQrOdhYIOWnF2pVuQ495e14lOhm
test9,$2a$10$y9N8hrEdpGHfWfmqoeFA3eoJ/9AQrOdhYIOWnF2pVuQ495e14lOhm
test10,$2a$10$y9N8hrEdpGHfWfmqoeFA3eoJ/9AQrOdhYIOWnF2pVuQ495e14lOhm
test11,$2a$10$y9N8hrEdpGHfWfmqoeFA3eoJ/9AQrOdhYIOWnF2pVuQ495e14lOhm
test12,$2a$10$y9N8hrEdpGHfWfmqoeFA3eoJ/9AQrOdhYIOWnF2pVuQ495e14lOhm
test13,$2a$10$y9N8hrEdpGHfWfmqoeFA3eoJ/9AQrOdhYIOWnF2pVuQ495e14lOhm
test14,$2a$10$y9N8hrEdpGHfWfmqoeFA3eoJ/9AQrOdhYIOWnF2pVuQ495e14lOhm
test15,$2a$10$y9N8hrEdpGHfWfmqoeFA3eoJ/9AQrOdhYIOWnF2pVuQ495e14lOhm
test16,$2a$10$y9N8hrEdpGHfWfmqoeFA3eoJ/9AQrOdhYIOWnF2pVuQ495e14lOhm