ALBUM_ID,"ALBUM_TITLE","IMAGE_FILE_NAME",ARTIST_ID
49,"BOOTLEG","49.jpg",1
50,"orion","50.jpg",1
51,"LOSER ／ ナンバーナイン","51.jpg",1
52,"Lemon","52.jpg",1
53,"ピースサイン","53.jpg",1
61,"Just You and I","61.jpg",2
62,"Dear Diary ／ Fighter","62.jpg",2
63,"Hero","63.jpg",2
64,"Mint","64.jpg",2
65,"Red Carpet","65.jpg",2
102,"EXTREME BEST","102.jpg",3
103,"Ki・mi・ni・mu・chu","103.jpg",3
104,"24karats GOLD SOUL","104.jpg",3
105,"19 -Road to AMAZING WORLD-","105.jpg",3
106,"情熱の花","106.jpg",3
157,"次の足跡 Type A ＜初回限定盤＞","157.jpg",4
158,"ジャーバージャ＜劇場盤＞","158.jpg",4
159,"ジャーバージャ Type E","159.jpg",4
160,"ジャーバージャ Type D","160.jpg",4
161,"ジャーバージャ Type C","161.jpg",4
333,"瞬き","333.jpg",5
334,"アンコール","334.jpg",5
335,"ハッピーエンド","335.jpg",5
336,"黒い猫の歌","336.jpg",5
337,"僕の名前を","337.jpg",5
355,"僕だけの君 〜Under Super Best〜","355.jpg",6
356,"いつかできるから今日できる","356.jpg",6
357,"逃げ水","357.jpg",6
358,"生まれてから初めて見た夢","358.jpg",6
359,"生まれてから初めて見た夢 (初回仕様限定盤 Type-A)","359.jpg",6
423,"エピソード","423.jpg",7
424,"ばかのうた","424.jpg",7
425,"YELLOW DANCER","425.jpg",7
426,"エピソード","426.jpg",7
427,"ギャグ","427.jpg",7
440,"初恋","440.jpg",8
441,"Utada Hikaru SINGLE COLLECTION VOL．1","441.jpg",8
442,"Addicted To You","442.jpg",8
443,"Wait ＆ See 〜リスク〜","443.jpg",8
444,"Utada Hikaru SINGLE COLLECTION VOL．2","444.jpg",8
497,"海のYeah!!","497.jpg",9
498,"HOTEL PACIFIC","498.jpg",9
499,"東京VICTORY","499.jpg",9
500,"ピースとハイライト","500.jpg",9
501,"I AM YOUR SINGER","501.jpg",9
564,"to LOVE","564.jpg",10
565,"LOVE one．","565.jpg",10
566,"Thank you, Love","566.jpg",10
567,"Love Place","567.jpg",10
568,"アイラブユー","568.jpg",10
608,"Mountain Top ／ Shape Of Miracle","608.jpg",11
609,"サイハテアイニ ／ 洗脳","609.jpg",11
610,"君の名は。","610.jpg",11
611,"人間開花","611.jpg",11
612,"君の名は。","612.jpg",11
633,"風に吹かれても","633.jpg",12
634,"真っ白なものは汚したくなる","634.jpg",12
635,"真っ白なものは汚したくなる (TYPE-A)","635.jpg",12
636,"真っ白なものは汚したくなる (TYPE-B)","636.jpg",12
637,"不協和音","637.jpg",12
648,"JUICE UP!!","648.jpg",13
649,"Are You Coming？","649.jpg",13
650,"Think That．．．","650.jpg",13
651,"Can Not Behaved!!","651.jpg",13
652,"Everybody!!","652.jpg",13
654,"相聞","654.jpg",14
655,"組曲(Suite)","655.jpg",14
656,"問題集","656.jpg",14
657,"中島みゆき「縁会」2012〜3 -LIVE SELECTION-","657.jpg",14
658,"麦の唄","658.jpg",14
711,"ユグドラシル","711.jpg",15
712,"Butterflies","712.jpg",15
713,"RAY","713.jpg",15
714,"COSMONAUT","714.jpg",15
715,"宇宙飛行士への手紙／モーターサイクル","715.jpg",15
721,"人生劇場","721.jpg",16
722,"KETSUNOPOLIS 10","722.jpg",16
723,"ヤシの木のように ／ カラーバリエーション ／ 君との夏","723.jpg",16
724,"友よ 〜 この先もずっと…","724.jpg",16
725,"さらば涙／君と出逢って","725.jpg",16
749,"THE MUSEUM III","749.jpg",17
750,"TESTAMENT","750.jpg",17
751,"Destiny's Prelude","751.jpg",17
752,"NEOGENE CREATION","752.jpg",17
753,"STARTING NOW!","753.jpg",17
801,"倉木麻衣×名探偵コナン COLLABORATION BEST 21 -真実はいつも歌にある!-","801.jpg",18
802,"無敵なハート／STAND BY YOU","802.jpg",18
803,"Ken Hirai  Singles Best Collection 歌バカ 2","803.jpg",19
804,"僕の心をつくってよ","804.jpg",19
805,"THE STILL LIFE","805.jpg",19
806,"魔法って言っていいかな？","806.jpg",19
807,"Plus One ／ TIME","807.jpg",19
859,"LiSA BEST -Way-","859.jpg",20
860,"LiSA BEST -Day-","860.jpg",20
861,"ASH","861.jpg",20
862,"だってアタシのヒーロー。","862.jpg",20
863,"LiTTLE DEViL PARADE","863.jpg",20
882,"スノーマジックファンタジー","882.jpg",22
883,"ENTERTAINMENT","883.jpg",22
884,"眠り姫","884.jpg",22
885,"スターライトパレード","885.jpg",22
886,"INORI","886.jpg",22
898,"ALL TIME BEST","898.jpg",23
899,"Neo SOUND BEST","899.jpg",23
900,"ODD FUTURE","900.jpg",23
901,"TYCOON","901.jpg",23
902,"DECIDED","902.jpg",23
950,"FUTURE","950.jpg",24
951,"J．S．B． HAPPINESS","951.jpg",24
952,"THE JSB WORLD","952.jpg",24
953,"HAPPY","953.jpg",24
954,"Welcome to TOKYO","954.jpg",24
974,"球体","974.jpg",25
975,"BEST","975.jpg",25
976,"U","976.jpg",25
977,"DAICHI MIURA LIVE TOUR (RE)PLAY FINAL at 国立代々木競技場第一体育館","977.jpg",25
978,"HIT","978.jpg",25
1017,"Eighth Wonder","1017.jpg",26
1018,"AAA NEW YEAR PARTY 2018 -SET LIST-","1018.jpg",26
1019,"AAA Love Song Collection","1019.jpg",26
1020,"LIFE","1020.jpg",26
1021,"AAA DOME TOUR 2017 -WAY OF GLORY- SET LIST","1021.jpg",26
1105,"ハロー カゲロウ","1105.jpg",27
1106,"ALL SINGLeeeeS 〜＆ New Beginning〜","1106.jpg",27
1107,"暁の君に","1107.jpg",27
1108,"縁","1108.jpg",27
1109,"beautiful days","1109.jpg",27
1145,"無限未来","1145.jpg",28
1146,"If you wanna","1146.jpg",28
1147,"TOKYO GIRL","1147.jpg",28
1148,"COSMIC EXPLORER","1148.jpg",28
1149,"STAR TRAIN","1149.jpg",28
1172,"CYCLE HIT 1991-1997 Spitz Complete Single Collection","1172.jpg",29
1173,"CYCLE HIT 1997-2005 Spitz Complete Single Collection","1173.jpg",29
1174,"CYCLE HIT 2006-2017 Spitz Complete Single Collection","1174.jpg",29
1175,"醒めない","1175.jpg",29
1176,"みなと","1176.jpg",29
1208,"DREAMS COME TRUE THE BEST！ 私のドリカム","1208.jpg",30
1209,"THE DREAM QUEST","1209.jpg",30
1210,"DREAMS COME TRUE THE ウラBEST！ 私だけのドリカム","1210.jpg",30
1211,"朝がまた来る","1211.jpg",30
1212,"あはは","1212.jpg",30
1283,"JUJU BIG BAND JAZZ LIVE","1283.jpg",31
1284,"I","1284.jpg",31
1285,"東京","1285.jpg",31
1286,"いいわけ","1286.jpg",31
1287,"Because of You","1287.jpg",31
1341,"オトノエ","1341.jpg",32
1342,"雪影ぼうし","1342.jpg",32
1343,"雪影ぼうし","1343.jpg",32
1344,"軌跡 BEST COLLECTION+","1344.jpg",32
1345,"雨のち感情論","1345.jpg",32
1351,"桜のあと(all quartets lead to the？)","1351.jpg",33
1352,"CIDER ROAD","1352.jpg",33
1353,"リニアブルーを聴きながら","1353.jpg",33
1354,"流星のスコール","1354.jpg",33
1355,"Populus Populus","1355.jpg",33
1367,"超いきものばかり〜てんねん記念メンバーズBESTセレクション〜","1367.jpg",34
1368,"ラストシーン／ぼくらのゆめ","1368.jpg",34
1369,"ラブとピース!／夢題〜遠くへ〜","1369.jpg",34
1370,"あなた","1370.jpg",34
1371,"FUN! FUN! FANFARE!","1371.jpg",34
1409,"TIMELESS WORLD","1409.jpg",35
1410,"未来 Spring Package","1410.jpg",35
1411,"未来","1411.jpg",35
1412,"hana","1412.jpg",35
1413,"奇跡","1413.jpg",35
1436,"聖域","1436.jpg",36
1437,"福の音","1437.jpg",36
1438,"I am a HERO","1438.jpg",36
1439,"魂リク","1439.jpg",36
1440,"生きてる生きてく","1440.jpg",36
1481,"PRIMALove","1481.jpg",37
1482,"SHIORI","1482.jpg",37
1483,"ヒトリゴト","1483.jpg",37
1484,"again","1484.jpg",37
1485,"Gravity","1485.jpg",37
1506,"Candy Pop","1506.jpg",38
1507,"TWICEcoaster : LANE2","1507.jpg",38
1508,"THE STORY BEGINS","1508.jpg",38
1509,"TWICEcoaster : LANE1","1509.jpg",38
1510,"PAGE TWO","1510.jpg",38
1520,"Ref:rain ／ 眩いばかり","1520.jpg",39
1521,"ONE ／ 花の唄 ／ 六等星の夜 Magic Blue ver．","1521.jpg",39
1522,"BEST SELECTION \\blanc\\\"","1522.jpg",39
1523,"BEST SELECTION \\noir\\\"","1523.jpg",39
1524,"茜さす／everlasting snow","1524.jpg",39
1543,"BLACK TRAIN","1543.jpg",40
1544,"家族","1544.jpg",40
1545,"Captain of the Ship","1545.jpg",40
1546,"JEEP","1546.jpg",40
1547,"JEEP","1547.jpg",40
1590,"M(A)DE IN JAPAN","1590.jpg",41
1591,"A BEST -15th Anniversary Edition-","1591.jpg",41
1592,"Winter diary 〜A7 Classical〜","1592.jpg",41
1593,"sixxxxxx","1593.jpg",41
1594,"A ONE","1594.jpg",41
1729,"divine criminal","1729.jpg",42
1730,"killing bites","1730.jpg",42
1731,"crossroads","1731.jpg",42
1732,"infinite synthesis 3","1732.jpg",42
1733,"white forces","1733.jpg",42
1748,"打上花火","1748.jpg",43
1749,"ヨシ子さん","1749.jpg",44
1750,"Yin Yang(イヤン)／涙をぶっとばせ!!／おいしい秘密","1750.jpg",44
1751,"I LOVE YOU -now ＆ forever-","1751.jpg",44
1752,"明日晴れるかな","1752.jpg",44
1753,"明日へのマーチ ／ Let's try again 〜kuwata keisuke ver．〜 ／ ハダカ DE 音頭 〜祭りだ!! Naked〜","1753.jpg",44
1774,"ギュッと／CLOSE TO YOU","1774.jpg",45
1775,"juice","1775.jpg",45
1776,"明日へ","1776.jpg",45
1777,"Joyful Monster","1777.jpg",45
1778,"Colorful Monster","1778.jpg",45
1789,"F．L．Y． BOYS F．L．Y． GIRLS","1789.jpg",46
1790,"GENERATIONS LIVE TOUR 2017 MAD CYCLONE SET LIST","1790.jpg",46
1791,"BEST GENERATION","1791.jpg",46
1792,"BEST GENERATION (International Edition)","1792.jpg",46
1793,"BIG CITY RODEO","1793.jpg",46
1813,"カメレオン・レンズ","1813.jpg",47
1814,"BUTTERFLY EFFECT","1814.jpg",47
1815,"キング＆クイーン／Montage","1815.jpg",47
1816,"LiAR／真っ白な灰になるまで、燃やし尽くせ","1816.jpg",47
1817,"THE DAY","1817.jpg",47
1874,"Wings Flap","1874.jpg",48
1875,"TWENITY 1991-1996","1875.jpg",48
1876,"TWENITY 2000-2010","1876.jpg",48
1877,"QUADRINITY〜MEMBER'S BEST SELECTIONS〜","1877.jpg",48
1878,"BLESS","1878.jpg",48
1937,"呼吸","1937.jpg",49
1938,"PLAY(Special Edition)","1938.jpg",49
1939,"見たこともない景色","1939.jpg",49
1940,"We Are X Soundtrack","1940.jpg",50
1941,"X JAPAN -Revives Records-(from0to1)","1941.jpg",50
1942,"X JAPAN MEDIA SELECTION","1942.jpg",50
1943,"X JAPAN LOVE BEST  -FOREVER MEMORIES-","1943.jpg",50
1944,"X JAPAN ROCK BEST  -FOREVER RECORDS-","1944.jpg",50
1964,"10th Anniversary ALL TIME BEST","1964.jpg",51
1965,"メタモルフォーゼ","1965.jpg",51
1966,"Destiny","1966.jpg",51
1967,"Destiny","1967.jpg",51
1968,"フィール・グッド","1968.jpg",51
1987,"光の破片","1987.jpg",52
1988,"産まれた理由","1988.jpg",52
1989,"さくらのうた","1989.jpg",52
1990,"高橋優 BEST 2009-2015『笑う約束』","1990.jpg",52
1991,"明日はきっといい日になる","1991.jpg",52
2005,"LOVE, PEACE ＆ FIRE","2005.jpg",53
2006,"99","2006.jpg",53
2007,"Good-bye","2007.jpg",53
2008,"黒い雫＆Coupling Songs:'Side-B'","2008.jpg",53
2009,"On Your Side","2009.jpg",53
2031,"この道を ／ 会いに行く ／ 坂道を上って ／ 小さな風景","2031.jpg",54
2032,"その日が来るまで／やさしい風が吹いたら","2032.jpg",54
2033,"あの日 あの時","2033.jpg",54
2034,"小田日和","2034.jpg",54
2035,"自己ベスト-2","2035.jpg",54
2049,"流星 ／ 約束","2049.jpg",55
2050,"BEST -E-","2050.jpg",55
2051,"BEST -A-","2051.jpg",55
2052,"翼","2052.jpg",55
2053,"アクセンティア","2053.jpg",55
2072,"新空間アルゴリズム","2072.jpg",56
2073,"ミスターカイト ／ リチェルカ","2073.jpg",56
2074,"A:re:Action2","2074.jpg",56
2075,"全力少年 produced by 奥田民生","2075.jpg",56
2076,"スキマスイッチTOUR2016“POPMAN'S CARNIVAL”","2076.jpg",56
2115,"WINTERDELICS．EP 〜あなたといきてゆく〜","2115.jpg",57
2116,"SUMMERDELICS","2116.jpg",57
2117,"Journey without a map","2117.jpg",57
2118,"[DEATHTOPIA]","2118.jpg",57
2119,"G4・IV","2119.jpg",57
2198,"Chasing the Horizon","2198.jpg",58
2199,"Take Me Under ／ Winding Road","2199.jpg",58
2200,"My Hero／Find You","2200.jpg",58
2201,"Dead End in Tokyo","2201.jpg",58
2202,"The World's On Fire","2202.jpg",58
2215,"World Atlas","2215.jpg",59
2216,"わたしのための物語 〜My Uncompleted Story〜【アーティスト盤】","2216.jpg",59
2217,"わたしのための物語 〜My Uncompleted Story〜【アニメ盤】","2217.jpg",59
2218,"Hello!My World!!【アーティスト盤】","2218.jpg",59
2219,"Hello!My World!!【アニメ盤】","2219.jpg",59
2238,"Koda Kumi Fanclub Tour 〜AND〜 SET LIST","2238.jpg",60
2239,"Driving Hit's 8","2239.jpg",60
2240,"AND","2240.jpg",60
2241,"KODA KUMI LIVE TOUR 2017 - W FACE -","2241.jpg",60
2242,"KODA KUMI LIVE TOUR 2017 - W FACE - SET LIST","2242.jpg",60
2361,"GREATEST HITS 2011-2017 “ALTER EGO”","2361.jpg",61
2362,"英雄 運命の詩","2362.jpg",61
2363,"KABANERI OF THE IRON FORTRESS","2363.jpg",61
2364,"リローデッド","2364.jpg",61
2365,"Fallen","2365.jpg",61
2371,"WATER BLUE NEW WORLD／WONDERFUL STORIES","2371.jpg",62
2372,"MY舞☆TONIGHT／MIRACLE WAVE","2372.jpg",62
2373,"勇気はどこに？君の胸に!","2373.jpg",62
2374,"未来の僕らは知ってるよ","2374.jpg",62
2375,"デュオトリオコレクション VOL．1 〜SUMMER VACATION〜","2375.jpg",62
2385,"G．R．N．D．","2385.jpg",63
2386,"Error","2386.jpg",63
2387,"アイコトバ","2387.jpg",63
2388,"Desir","2388.jpg",63
2389,"SPEED STAR","2389.jpg",63
2400,"24K Magic","2400.jpg",64
2401,"Unorthodox Jukebox (Deluxe Edition)","2401.jpg",64
2402,"Locked Out Of Heaven (Remixes)","2402.jpg",64
2403,"Unorthodox Jukebox","2403.jpg",64
2404,"Just The Way You Are (Remixes)","2404.jpg",64
2409,"百火撩乱","2409.jpg",65
2410,"into the world／メルヒェン","2410.jpg",65
2411,"Winter Acoustic “Kalafina with Strings”","2411.jpg",65
2412,"blaze","2412.jpg",65
2413,"far on the water","2413.jpg",65
2439,"無垢","2439.jpg",66
2440,"春時雨","2440.jpg",66
2441,"情ノ華／朧月夜","2441.jpg",66
2442,"私ハ傀儡、猿轡ノ人形 通常盤Ctype","2442.jpg",66
2443,"私ハ傀儡、猿轡ノ人形 通常盤Dtype","2443.jpg",66
2474,"sunny day","2474.jpg",67
2475,"RIDE ON SUMMER","2475.jpg",67
2476,"灯台","2476.jpg",67
2477,"BEST of TUBEst 〜All Time Best〜","2477.jpg",67
2478,"Your TUBE + My TUBE","2478.jpg",67
2534,"二重の虹(ダブル レインボウ)／最高(さあ行こう)!","2534.jpg",68
2535,"私の心はチョココロネ","2535.jpg",68
2536,"CiRCLING","2536.jpg",68
2537,"クリスマスのうた","2537.jpg",68
2538,"Time Lapse","2538.jpg",68
2545,"E．G．11","2545.jpg",69
2546,"Celebration!","2546.jpg",69
2547,"One Two Three","2547.jpg",69
2548,"Pain, pain","2548.jpg",69
2549,"あいしてると言ってよかった","2549.jpg",69
2571,"KISS OF DEATH(Produced by HYDE)","2571.jpg",70
2572,"A or B","2572.jpg",70
2573,"ROOTS〜Piano ＆ Voice〜","2573.jpg",70
2574,"TOUGH","2574.jpg",70
2575,"恋をする","2575.jpg",70
2629,"Going [2001〜2005]","2629.jpg",71
2630,"TOWA","2630.jpg",71
2631,"Home [1997〜2000]","2631.jpg",71
2632,"YUZU YOU [ 2006-2011]","2632.jpg",71
2633,"歌えばそこに君がいるから(TVアニメ「LOST SONG」オープニング主題歌)","2633.jpg",72
2634,"LIFE of DASH","2634.jpg",72
2635,"TVアニメ「ロクでなし魔術講師と禁忌教典」オープニングテーマ「Blow out」","2635.jpg",72
2636,"lead","2636.jpg",72
2637,"TVアニメ「CHAOS;CHILD」エンディングテーマ「カオスシンドローム」","2637.jpg",72
2649,"All Time Best ハタモトヒロ(はじめまして盤)","2649.jpg",73
2650,"Girl","2650.jpg",73
2651,"70億のピース／終わりのない空","2651.jpg",73
2652,"スミレ","2652.jpg",73
2653,"青の光景","2653.jpg",73
2684,"和と洋と。","2684.jpg",74
2685,"和と洋","2685.jpg",74
2686,"最後は必ず正義が勝つ","2686.jpg",74
2687,"THE FEAT． BEST","2687.jpg",74
2688,"ハッピークリスマス／HEIWA／ミラクル","2688.jpg",74
2719,"WHITE","2719.jpg",75
2720,"Friday","2720.jpg",75
2721,"Good Life","2721.jpg",75
2722,"FLY","2722.jpg",75
2723,"FIRE","2723.jpg",75
2752,"1st JOURNEY「AWESOME」Encore Tour 2017．12．14@マイナビBLITZ赤坂 Live","2752.jpg",76
2753,"24","2753.jpg",76
2754,"A New Day","2754.jpg",76
2755,"Xmas with you","2755.jpg",76
2756,"I need your love (SICK INDIVIDUALS Remix)","2756.jpg",76
2761,"LEO","2761.jpg",77
2762,"Bless You","2762.jpg",77
2763,"Shine","2763.jpg",77
2764,"サブリナ","2764.jpg",77
2765,"a boy","2765.jpg",77
2782,"miwa THE BEST","2782.jpg",78
2783,"アップデート","2783.jpg",78
2784,"We are the light","2784.jpg",78
2785,"シャイニー","2785.jpg",78
2786,"SPLASH☆WORLD","2786.jpg",78
2816,"ありあまる富","2816.jpg",79
2817,"いろはにほへと ／ 孤独のあかつき","2817.jpg",79
2818,"唄ひ手冥利 〜其ノ壱〜","2818.jpg",79
2819,"カーネーション","2819.jpg",79
2820,"歌舞伎町の女王","2820.jpg",79
2846,"湘南乃風 〜一五一会〜","2846.jpg",80
2847,"踊れ","2847.jpg",80
2848,"龍虎宴","2848.jpg",80
2849,"はなび","2849.jpg",80
2850,"湘南乃風 〜COME AGAIN〜","2850.jpg",80
2865,"君のそばにいるよ","2865.jpg",81
2866,"Super Best Records -15th Celebration-","2866.jpg",81
2867,"Back In Love Again (feat．布袋寅泰)","2867.jpg",81
2868,"DEEPNESS","2868.jpg",81
2869,"JUST BALLADE","2869.jpg",81
2926,"Believer","2926.jpg",82
2927,"明けない夜が来ることはない","2927.jpg",82
2928,"EXPLORER","2928.jpg",82
2929,"ココロノコンパス","2929.jpg",82
2930,"NORIYUKI MAKIHARA SYMPHONY ORCHESTRA \\cELEBRATION\\\"","2930.jpg",82
2997,"Femme Fatale","2997.jpg",83
2998,"ROMANCE","2998.jpg",83
2999,"I HATE YOU-EP-","2999.jpg",83
3000,"新約ディアロンリーガール feat． ECD","3000.jpg",83
3001,"Utopia","3001.jpg",83
3048,"÷","3048.jpg",84
3049,"÷ (Deluxe)","3049.jpg",84
3050,"x (Wembley Edition)","3050.jpg",84
3051,"Don't EP","3051.jpg",84
3052,"5","3052.jpg",84
3066,"桃も十、番茶も出花【通常盤】","3066.jpg",85
3067,"笑一笑 〜シャオイーシャオ!〜【しんちゃん盤】","3067.jpg",85
3068,"天国の名前／ヘンな期待しちゃ駄目だよ…？(ハート)","3068.jpg",85
3069,"求(Q)愛(I)ある(R)ある(R) アニマルダンス","3069.jpg",85
3070,"トリック・オア・ドリーム","3070.jpg",85
3096,"Acid BLOOD Cherry","3096.jpg",86
3097,"Recreation 4","3097.jpg",86
3098,"2015 arena tour L-エル- LIVE CD","3098.jpg",86
3099,"L-エル-","3099.jpg",86
3100,"INCUBUS","3100.jpg",86
3126,"FLOW THE BEST 〜アニメ縛り〜","3126.jpg",87
3127,"#10","3127.jpg",87
3128,"Steppin' out","3128.jpg",87
3129,"虹の空","3129.jpg",87
3130,"FLOW ANIME BEST 極","3130.jpg",87
3176,"OUTBREAK","3176.jpg",88
3177,"佐々木健介 20th Aniversary Special Edition","3177.jpg",88
3178,"SID ALL SINGLES BEST","3178.jpg",89
3179,"漂流","3179.jpg",89
3180,"White tree","3180.jpg",89
3181,"ENAMEL","3181.jpg",89
3182,"OUTSIDER","3182.jpg",89
3225,"SEIKO MEMORIES 〜Masaaki Omura Works〜","3225.jpg",90
3226,"Seiko Matsuda sweet days","3226.jpg",90
3227,"Daisy","3227.jpg",90
3228,"SEIKO JAZZ","3228.jpg",90
3229,"薔薇のように咲いて 桜のように散って","3229.jpg",90
3340,"Always","3340.jpg",91
3341,"Special Edition 'Still Alive'","3341.jpg",91
3342,"Tonight - 4th Mini Album","3342.jpg",91
3343,"BIGBANG JAPAN DOME TOUR 2017 -LAST DANCE-","3343.jpg",91
3344,"BIGBANG SPECIAL EVENT 2017","3344.jpg",91
3373,"Truth．","3373.jpg",92
3374,"WANTED GIRL","3374.jpg",92
3375,"TAILWIND","3375.jpg",92
3376,"adrenaline!!!","3376.jpg",92
3377,"オリジナル。","3377.jpg",92
3383,"VS","3383.jpg",93
3384,"さよなら","3384.jpg",93
3385,"THE END","3385.jpg",93
3386,"だいじょうぶ","3386.jpg",93
3387,"Survivor","3387.jpg",93
3398,"CHANCE","3398.jpg",94
3399,"LIFE","3399.jpg",94
3400,"LOVER","3400.jpg",94
3401,"GLOCAL","3401.jpg",94
3402,"GLOCAL","3402.jpg",94
3413,"進撃の軌跡","3413.jpg",95
3414,"自由への進撃(通常盤／CD Only)","3414.jpg",95
3415,"ルクセンダルク大紀行(通常盤)","3415.jpg",95
3416,"ルクセンダルク小紀行(通常盤／CD Only)","3416.jpg",95
3417,"Mosquito Bite","3417.jpg",96
3418,"明日、また","3418.jpg",96
3419,"SNOW SOUND ／ 今まで君が泣いた分取り戻そう","3419.jpg",96
3420,"EXIST!","3420.jpg",96
3421,"New Wall ／ I Want U To Love Me","3421.jpg",96
3438,"リスペクト 美空ひばり「津軽のふるさと」","3438.jpg",97
3439,"夢破れて尚","3439.jpg",97
3440,"伝言","3440.jpg",97
3441,"愛の歌","3441.jpg",97
3442,"雨の日曜日","3442.jpg",97
3552,"欲望者(通常盤Type-B)","3552.jpg",99
3553,"欲望者(劇場盤)","3553.jpg",99
3554,"欲望者(通常盤Type-A)","3554.jpg",99
3555,"欲望者(通常盤Type-C)","3555.jpg",99
3556,"欲望者(通常盤Type-D)","3556.jpg",99
3605,"8thアルバム シンガーソングライター","3605.jpg",100
3606,"YOKO KANNO  SEATBELTS 来地球記念コレクションアルバム スペース バイオチャージ disc 2","3606.jpg",100
3607,"gravity","3607.jpg",100
3608,"マメシバ","3608.jpg",100
3609,"カードキャプターさくら OPテーマ プラチナ","3609.jpg",100
